{
  "users": [
    {
      "id": 1694589066035,
      "name": "Bhaskar",
      "email": "b@gmail.com",
      "password": "123",
      "confirmpassword": "123"
    }
  ],
  "products": [
    {
      "id": 1694589211716,
      "name": "Soap",
      "mfgCompany": "Santoor",
      "price": "23",
      "quantity": "50"
    },
    {
      "id": 1695276836416,
      "name": "Suffron",
      "mfgCompany": "MamaEarth",
      "price": "47",
      "quantity": "101"
    }
  ],
  "profile": {
    "name": "typicode"
  }
}